id,last_name,first_name,middle_name,work_phone,personal_phone,date_added
1,Ivanov,Ivan,Ivanovich,+7(925)123-4567,+7(925)765-4321,2023-01-05T12:30:45Z
2,Ivanov,Anna,Petrovna,+7(926)987-6543,+7(926)345-6789,2023-02-10T14:15:30Z
3,Kuznetsov,Alexey,Sergeyevich,+7(927)321-4567,+7(927)654-3218,2023-03-15T16:02:20Z
4,Popov,Olga,Andreyevna,+7(928)456-7890,+7(928)789-0123,2023-04-20T18:25:10Z
5,Ivanov,Dmitry,Vladimirovich,+7(929)654-3210,+7(929)987-6543,2023-05-25T20:13:45Z
6,Petrov,Ekaterina,Alexeevna,+7(930)789-1234,+7(930)123-4567,2023-06-30T22:05:15Z
7,Ivanov,Mikhail,Yuryevich,+7(931)345-6789,+7(931)567-8901,2023-07-05T10:30:30Z
8,Pavlov,Yulia,Victorovna,+7(932)678-9012,+7(932)345-6789,2023-08-10T08:45:20Z
9,Semyonov,Anton,Leonidovich,+7(933)901-2345,+7(933)432-1098,2023-09-15T06:15:55Z
10,Ivanov,Natalia,Alekseevna,+7(934)234-5678,+7(934)210-3456,2023-10-20T04:02:25Z
11,Morozov,Kirill,Nikolayevich,+7(935)123-0987,+7(935)876-5432,2023-11-25T02:15:30Z
12,Novikov,Svetlana,Igorovna,+7(936)987-0123,+7(936)321-0987,2023-12-30T01:27:40Z
13,Ivanov,Andrey,Mikhailovich,+7(937)321-6789,+7(937)765-8901,2024-01-15T03:25:35Z
14,Ivanov,Sofia,Antonovna,+7(938)456-4321,+7(938)789-2345,2024-02-20T05:13:50Z
15,Ivanov,Daniil,Andreyevich,+7(939)654-2109,+7(939)987-6540,2024-03-25T07:02:15Z
16,Korolev,Veronika,Yuryevna,+7(940)789-1235,+7(940)123-4562,2024-04-30T09:05:25Z
17,Ivanov,Maksim,Vadimovich,+7(941)345-6782,+7(941)567-8904,2024-05-05T11:30:40Z
18,Belov,Vladislav,Igorovich,+7(942)678-9013,+7(942)345-6785,2024-06-10T10:45:35Z
19,Ivanov,Polina,Sergeevna,+7(943)901-2340,+7(943)432-1093,2024-07-15T12:15:45Z
20,Zaitsev,Aleksandra,Alexeevna,+7(944)234-5673,+7(944)210-3451,2024-08-20T14:02:30Z
21,Kosyrkov,Dmitry,Alexeevich,,89277535560,2023-08-19T19:01:28.818818
